ID,DEPARTMENT,JOB TITLE,NAME,TEL,EMAIL
TW20022,資訊,經理,張偉倫,02-8989-2022,Weilun.Zhang@test.com
TW17045,資訊,專案經理,李曉晴,02-8989-1745,Xiaoqing.Li@test.com
TW24033,資訊,工程師,王志豪,02-8989-2433,Zhihao.Wang@test.com
TW21021,資訊,高級工程師,陳雅婷,02-8989-2121,Yating.Chen@test.com
TW14025,資訊,協理,劉俊傑,02-8989-1425,Junjie.Liu@test.com
TW23043,資訊,網管,黃欣怡,02-8989-2343,Xinyi.Huang@test.com
TW25001,資訊,初階工程師,吳建宏,02-8989-2501,Jianhong.Wu@test.com
TW17056,資訊,專案經理,蔡美玲,02-8989-1756,Meiling.Cai@test.com
TW22027,資訊,網管,孫曉峰,02-8989-2227,Xiaofeng.Sun@test.com
